timestamp_ms,rel_timestamp_ms,accel_x,accel_y,accel_z,label
1790089205936,16,0.2154,1.4943,11.0231,Walking
1790089205958,38,-0.0993,0.8249,11.8265,Walking
1790089205979,59,0.2333,1.2185,11.2062,Walking
1790089206001,81,0.6951,1.2221,10.3149,Walking
1790089206022,102,0.7292,1.3035,9.1872,Walking
1790089206042,122,0.1256,1.3131,8.4915,Walking
1790089206063,143,-0.2746,0.7783,8.6297,Walking
1790089206084,164,0.3846,1.1641,9.7693,Walking
1790089206105,185,1.2144,1.5733,10.1886,Walking
1790089206127,207,0.9894,1.4824,9.3350,Walking
1790089206148,228,-0.0191,1.5284,9.2124,Walking
1790089206168,248,-0.2716,1.0540,9.9649,Walking
1790089206189,269,-0.2040,0.9703,9.9218,Walking
1790089206211,291,-0.1567,1.4501,9.3111,Walking
1790089206232,312,-0.0538,1.4082,9.2046,Walking
1790089206253,333,0.1914,1.6588,9.2315,Walking
1790089206274,354,-0.0843,1.6337,8.7817,Walking
1790089206296,376,-0.3769,1.5649,8.7398,Walking
1790089206318,398,0.2070,1.9011,9.1771,Walking
1790089206338,418,0.3649,1.9250,9.4935,Walking
1790089206361,441,0.1370,1.9513,9.1872,Walking
1790089206380,460,0.1807,2.0034,8.9222,Walking
1790089206401,481,0.3434,2.0782,9.2381,Walking
1790089206423,503,0.3829,2.0566,10.0038,Walking
1790089206445,525,0.0688,1.9669,9.6180,Walking
1790089206465,545,0.2136,2.1888,9.4325,Walking
1790089206486,566,0.8100,2.4676,9.8172,Walking
1790089206507,587,0.8566,2.6166,9.8183,Walking
1790089206529,609,0.2907,2.5376,9.2925,Walking
1790089206550,630,0.4528,2.8122,8.9408,Walking
1790089206571,651,0.6401,3.0449,9.0269,Walking
1790089206592,672,1.0911,3.2333,9.5252,Walking
1790089206613,693,1.0606,3.4056,9.5934,Walking
1790089206634,714,1.0205,3.6066,9.1854,Walking
1790089206656,736,1.4758,3.8877,9.2746,Walking
1790089206677,757,1.7982,4.0594,9.5079,Walking
1790089206698,778,1.7276,3.9176,9.2937,Walking
1790089206720,800,1.4913,3.5492,8.4772,Walking
1790089206741,821,1.5948,3.3392,7.9854,Walking
1790089206762,842,1.8173,3.0658,8.9031,Walking
1790089206783,863,1.5823,2.7805,9.9781,Walking
1790089206804,884,1.5009,2.7960,10.4536,Walking
1790089206825,905,1.2634,2.9910,9.8644,Walking
1790089206846,926,1.1856,3.1502,9.2973,Walking
1790089206867,947,1.6289,3.2554,9.2650,Walking
1790089206889,969,1.6738,3.2052,9.0353,Walking
1790089206909,989,1.8150,3.1998,8.7404,Walking
1790089206931,1011,2.2540,3.2100,8.6943,Walking
1790089206952,1032,2.5424,3.2572,8.6160,Walking
1790089206973,1053,2.5382,3.2094,8.2199,Walking
1790089206995,1075,2.6955,3.2435,8.1996,Walking
1790089207016,1096,2.5765,3.0885,8.4927,Walking
1790089207037,1117,2.2457,2.9372,8.6178,Walking
1790089207058,1138,1.7671,2.7440,9.0814,Walking
1790089207080,1160,1.7049,2.8343,9.2602,Walking
1790089207100,1180,1.9430,3.1519,9.0006,Walking
1790089207121,1201,2.0949,3.5258,8.4407,Walking
1790089207142,1222,2.1476,3.7244,7.9645,Walking
1790089207164,1244,2.2253,3.8620,7.7498,Walking
1790089207185,1265,2.3372,3.9260,7.7258,Walking
1790089207207,1287,2.2481,3.9709,7.3047,Walking
1790089207228,1308,2.0865,3.9607,7.2281,Walking
1790089207248,1328,1.9986,3.8273,7.5841,Walking
1790089207270,1350,1.8885,3.7603,7.9334,Walking
1790089207291,1371,1.8407,3.7789,8.0351,Walking
1790089207312,1392,1.6618,3.8381,7.8042,Walking
1790089207333,1413,1.7001,4.1091,7.5643,Walking
1790089207354,1434,1.9687,4.2544,8.0752,Walking
1790089207376,1456,1.5948,4.1204,8.3480,Walking
1790089207397,1477,1.7121,4.3466,8.3862,Walking
1790089207419,1499,1.9274,4.5799,8.3575,Walking
1790089207440,1520,1.6857,4.5589,8.1721,Walking
1790089207461,1541,1.9304,4.7246,8.7374,Walking
1790089207481,1561,1.7420,4.6469,8.8313,Walking
1790089207504,1584,1.4770,4.5464,9.0389,Walking
1790089207524,1604,1.4261,4.4411,9.2327,Walking
1790089207545,1625,1.3561,4.4381,9.0269,Walking
1790089207566,1646,1.6062,4.5033,8.8265,Walking
1790089207587,1667,1.3944,4.3178,8.6064,Walking
1790089207608,1688,1.2634,3.9691,8.4754,Walking
1790089207630,1710,0.9458,3.7280,8.0734,Walking
1790089207652,1732,1.2096,3.9900,8.0812,Walking
1790089207672,1752,1.3053,3.9452,9.1358,Walking
1790089207694,1774,1.2742,3.6975,10.4758,Walking
1790089207715,1795,0.6700,3.0497,11.7553,Walking
1790089207736,1816,0.7352,2.5687,12.7298,Walking
1790089207757,1837,0.8339,2.5860,11.3785,Walking
1790089207780,1860,0.6778,2.7835,8.7829,Walking
1790089207802,1882,0.6383,2.9079,7.7013,Walking
1790089207822,1902,0.6287,2.7613,7.7910,Walking
1790089207842,1922,0.7161,2.7021,8.2349,Walking
1790089207863,1943,1.0624,2.7117,9.2345,Walking
1790089207884,1964,1.1402,2.7165,10.0439,Walking
1790089207907,1987,1.2030,2.7601,10.5266,Walking
1790089207927,2007,1.0128,2.7404,10.2473,Walking
1790089207947,2027,0.4911,2.7458,9.0389,Walking
1790089207969,2049,0.4558,2.8678,8.0094,Walking
1790089207990,2070,0.5827,3.0102,7.3663,Walking
1790089208011,2091,0.0162,2.7392,7.2969,Walking
1790089208033,2113,0.2142,2.7362,8.2110,Walking
1790089208054,2134,1.2287,3.1071,9.1980,Walking
1790089208074,2154,0.8518,3.2124,8.4772,Walking
1790089208097,2177,0.7238,3.2991,8.4179,Walking
1790089208119,2199,0.4606,3.2219,8.5902,Walking
1790089208139,2219,0.7765,3.2572,9.4977,Walking
1790089208162,2242,0.9649,3.3942,9.8937,Walking
1790089208182,2262,1.0654,3.4660,9.8363,Walking
1790089208205,2285,0.9631,3.4666,9.5868,Walking
1790089208224,2304,0.9236,3.5432,9.3811,Walking
1790089208246,2326,1.1037,3.6814,9.1226,Walking
1790089208266,2346,1.0325,3.7167,8.9157,Walking
1790089208288,2368,1.0546,3.7011,9.0628,Walking
1790089208308,2388,0.9571,3.7137,8.9234,Walking
1790089208331,2411,1.4231,3.9846,9.2937,Walking
1790089208351,2431,2.0273,4.2353,10.1779,Walking
1790089208372,2452,2.4120,4.3884,10.5266,Walking
1790089208394,2474,2.5161,4.3502,9.6754,Walking
1790089208415,2495,2.7482,4.1121,9.1675,Walking
1790089208435,2515,2.6309,3.5432,9.8937,Walking
1790089208457,2537,2.0608,2.9019,10.8203,Walking
1790089208478,2558,1.6331,2.5825,10.9496,Walking
1790089208501,2581,1.6834,2.6830,9.7831,Walking
1790089208522,2602,1.8108,2.7003,8.4132,Walking
1790089208542,2622,1.7886,2.5280,7.3567,Walking
1790089208563,2643,2.1087,2.4538,7.4112,Walking
1790089208584,2664,2.9623,2.7123,8.2780,Walking
1790089208606,2686,3.6353,2.9222,8.9330,Walking
1790089208626,2706,3.3087,2.9414,8.5759,Walking
1790089208654,2734,2.9623,2.9157,8.4449,Walking
1790089208670,2750,2.4203,2.7003,8.4257,Walking
1790089208689,2769,2.2504,2.8026,8.0465,Walking
1790089208713,2793,1.6445,2.8247,7.4070,Walking
1790089208732,2812,1.3842,2.8439,7.1151,Walking
1790089208753,2833,1.4088,3.0024,6.9643,Walking
1790089208774,2854,1.8712,3.1938,7.1246,Walking
1790089208795,2875,1.9783,3.3547,7.3077,Walking
1790089208817,2897,1.7791,3.1663,8.0399,Walking
1790089208838,2918,1.4770,2.9623,8.5555,Walking
1790089208861,2941,1.5535,3.0401,8.9701,Walking
1790089208881,2961,1.6684,3.2387,8.9731,Walking
1790089208901,2981,1.6977,3.4780,8.7356,Walking
1790089208922,3002,1.8694,3.6640,8.7990,Walking
1790089208944,3024,1.9304,3.7220,8.9031,Walking
1790089208965,3045,2.0136,3.8776,8.8678,Walking
1790089208987,3067,2.1374,3.9147,9.2297,Walking
1790089209007,3087,2.0291,3.8034,9.5330,Walking
1790089209028,3108,1.9603,3.7196,9.3129,Walking
1790089209050,3130,1.6175,3.4780,9.0784,Walking
1790089209071,3151,1.3268,3.2285,9.0287,Walking
1790089209092,3172,1.3974,3.1382,9.0724,Walking
1790089209113,3193,1.1707,2.9563,9.2106,Walking
1790089209135,3215,0.8363,2.8600,9.6203,Walking
1790089209155,3235,0.9350,2.8493,10.2736,Walking
1790089209177,3257,0.8728,2.5268,11.2929,Walking
1790089209197,3277,0.7944,2.0638,12.4726,Walking
1790089209220,3300,0.8614,1.8078,12.2022,Walking
1790089209242,3322,0.3284,1.6780,10.2191,Walking
1790089209262,3342,0.3685,1.7862,8.6124,Walking
1790089209284,3364,0.4911,2.0160,7.7874,Walking
1790089209305,3385,0.4373,2.1021,7.7384,Walking
1790089209325,3405,0.8058,2.2941,8.5292,Walking
1790089209346,3426,0.8931,2.3940,8.9653,Walking
1790089209369,3449,0.9272,2.4682,9.4552,Walking
1790089209389,3469,1.1468,2.4263,10.5506,Walking
1790089209411,3491,1.3573,2.5137,10.9286,Walking
1790089209432,3512,0.9093,2.5735,9.5216,Walking
1790089209453,3533,0.3601,2.5394,8.1613,Walking
1790089209473,3553,0.1292,2.5759,7.7641,Walking
1790089209495,3575,0.2740,2.5621,7.9220,Walking
1790089209517,3597,0.0784,2.4993,8.0782,Walking
1790089209537,3617,0.0335,2.4012,8.4449,Walking
1790089209558,3638,0.1896,2.4233,8.9348,Walking
1790089209582,3662,0.3954,2.5089,9.0963,Walking
1790089209601,3681,0.7496,2.7386,9.0688,Walking
1790089209621,3701,0.4672,2.7009,8.7254,Walking
1790089209643,3723,0.4869,2.7553,8.8660,Walking
1790089209665,3745,0.7454,2.8487,9.5845,Walking
1790089209686,3766,0.7053,2.8349,10.0528,Walking
1790089209706,3786,0.3876,2.7900,9.7017,Walking
1790089209727,3807,0.5378,3.0072,9.0102,Walking
1790089209749,3829,0.7334,3.1334,8.9539,Walking
1790089209770,3850,0.9703,3.2459,9.3482,Walking
1790089209791,3871,1.1856,3.3852,9.5438,Walking
1790089209812,3892,0.9392,3.2506,9.5031,Walking
1790089209835,3915,1.0660,3.2800,9.5204,Walking
1790089209855,3935,1.4608,3.3392,9.6491,Walking
1790089209877,3957,1.7791,3.4851,9.5677,Walking
1790089209897,3977,1.8156,3.4828,9.1633,Walking
1790089209917,3997,2.0752,3.4505,9.2907,Walking
1790089209942,4022,2.2989,3.3482,9.9936,Walking
1790089209962,4042,2.3414,3.2818,10.0517,Walking
1790089209982,4062,2.4437,3.4217,8.6859,Walking
1790089210004,4084,2.9240,3.3918,8.4676,Walking
1790089210025,4105,2.8187,2.8026,9.8309,Walking
1790089210045,4125,2.2887,2.3414,10.5266,Walking
1790089210068,4148,1.5900,2.0375,10.0080,Walking
1790089210088,4168,0.9667,1.9783,9.0006,Walking
1790089210111,4191,1.0241,2.0004,9.1884,Walking
1790089210131,4211,1.4967,2.1284,9.5845,Walking
1790089210152,4232,1.8628,2.2098,9.7274,Walking
1790089210173,4253,2.3336,2.2672,9.6497,Walking
1790089210194,4274,2.5615,2.2289,9.0509,Walking
1790089210215,4295,2.6847,2.0417,9.1968,Walking
1790089210235,4315,3.0072,1.9035,9.7065,Walking
1790089210257,4337,2.9115,1.8185,9.4696,Walking
1790089210279,4359,2.3001,1.7468,8.9510,Walking
1790089210305,4385,1.9603,1.7545,8.7787,Walking
1790089210322,4402,1.7180,1.9190,8.3958,Walking
1790089210342,4422,1.7910,2.2510,7.9382,Walking
1790089210364,4444,1.7276,2.5472,7.4273,Walking
1790089210385,4465,1.5039,2.6668,7.0385,Walking
1790089210406,4486,1.6020,2.8056,7.1689,Walking
1790089210427,4507,1.6397,2.7996,7.5308,Walking
1790089210448,4528,1.3017,2.7338,7.6971,Walking
1790089210469,4549,1.1868,2.6722,8.2361,Walking
1790089210491,4571,1.3029,2.7296,8.9312,Walking
1790089210512,4592,1.1210,2.6477,9.3260,Walking
1790089210534,4614,1.1438,2.6961,9.6126,Walking
1790089210554,4634,1.3813,2.8887,9.7531,Walking
1790089210575,4655,1.4417,2.9432,9.7131,Walking
1790089210597,4677,1.3304,2.9366,9.4786,Walking
1790089210617,4697,1.2556,2.8487,9.3523,Walking
1790089210638,4718,1.3113,2.8343,9.2363,Walking
1790089210662,4742,1.4393,2.8110,9.1992,Walking
1790089210681,4761,1.3352,2.7171,9.0162,Walking
1790089210702,4782,1.3687,2.6130,9.2124,Walking
1790089210723,4803,1.1713,2.4251,9.6975,Walking
1790089210746,4826,1.1342,2.3928,9.7083,Walking
1790089210765,4845,1.2060,2.4514,9.3781,Walking
1790089210788,4868,1.0672,2.2379,9.5970,Walking
1790089210808,4888,0.9667,1.9226,9.5635,Walking
1790089210830,4910,1.0516,1.8203,9.4385,Walking
1790089210850,4930,1.2042,1.6911,10.1659,Walking
1790089210873,4953,1.3149,1.5745,11.0345,Walking
1790089210893,4973,1.3801,1.4058,11.7930,Walking
1790089210914,4994,1.3561,1.2526,11.9372,Walking
1790089210935,5015,1.3125,1.1067,11.4921,Walking
1790089210956,5036,1.1408,0.9129,10.7007,Walking
1790089210978,5058,0.9392,0.6586,9.9099,Walking
1790089210999,5079,0.5743,0.4104,9.0018,Walking
1790089211023,5103,0.5228,0.3559,8.4239,Walking
1790089211042,5122,0.5725,0.3302,8.6393,Walking
1790089211063,5143,0.6921,0.3906,9.0485,Walking
1790089211083,5163,0.6395,0.4355,9.1837,Walking
1790089211107,5187,0.3081,0.3320,9.5031,Walking
1790089211126,5206,-0.1914,0.1663,9.5318,Walking
1790089211148,5228,-0.1089,0.2554,9.5139,Walking
1790089211169,5249,-0.0544,0.4104,9.4774,Walking
1790089211191,5271,-0.4319,0.3894,9.3571,Walking
1790089211212,5292,-0.6377,0.4002,9.4086,Walking
1790089211233,5313,-0.5827,0.5061,9.5761,Walking
1790089211254,5334,-0.5426,0.5408,9.7962,Walking
1790089211275,5355,-0.3176,0.6431,10.1151,Walking
1790089211297,5377,-0.6012,0.6000,10.1492,Walking
1790089211316,5396,-0.5228,0.7292,10.2174,Walking
1790089211339,5419,-0.2997,0.8363,10.3196,Walking
1790089211358,5438,-0.2949,0.7896,10.2951,Walking
1790089211382,5462,-0.7005,0.5486,10.1713,Walking
1790089211402,5482,-0.8746,0.2058,10.8957,Walking
1790089211423,5503,-0.4481,0.2728,11.3001,Walking
1790089211445,5525,0.0814,0.5091,10.8377,Walking
1790089211465,5545,0.2602,0.6664,10.5141,Walking
1790089211486,5566,0.4385,0.7065,10.5332,Walking
1790089211508,5588,0.5809,0.7980,10.2999,Walking
1790089211528,5608,0.9553,1.1091,9.5839,Walking
1790089211550,5630,1.4608,1.5613,9.0066,Walking
1790089211571,5651,1.6451,1.7695,8.8786,Walking
1790089211592,5672,1.4195,1.7671,8.5819,Walking
1790089211614,5694,1.5613,1.8317,8.5866,Walking
1790089211634,5714,1.7611,1.8269,9.0562,Walking
1790089211656,5736,2.1852,1.8778,10.1378,Walking
1790089211678,5758,2.2427,1.8443,11.2211,Walking
1790089211698,5778,1.8090,1.6905,11.1045,Walking
1790089211719,5799,1.4919,1.8407,9.4690,Walking
1790089211742,5822,1.9872,2.2720,8.4861,Walking
1790089211762,5842,2.1745,2.4981,8.3833,Walking
1790089211783,5863,2.1936,2.5143,8.4419,Walking
1790089211803,5883,2.4628,2.5537,8.8618,Walking
1790089211828,5908,3.0473,2.6638,9.0257,Walking
1790089211846,5926,2.6166,2.5430,7.8568,Walking
1790089211868,5948,2.3324,2.3994,7.3190,Walking
1790089211889,5969,2.5125,2.1553,8.4562,Walking
1790089211911,5991,2.4491,1.8269,9.6443,Walking
1790089211931,6011,2.0160,1.5188,10.2861,Walking
1790089211953,6033,1.9687,1.4530,10.6277,Walking
1790089211974,6054,2.1661,1.7121,10.5081,Walking
1790089211995,6075,2.3994,2.0148,9.9888,Walking
1790089212016,6096,2.4227,2.3880,8.5460,Walking
1790089212037,6117,2.5065,2.6644,7.4925,Walking
1790089212058,6138,2.5065,2.7123,7.2742,Walking
1790089212079,6159,2.3833,2.5328,7.5517,Walking
1790089212102,6182,2.4826,2.4981,7.9394,Walking
1790089212123,6203,2.4742,2.4329,8.2349,Walking
1790089212144,6224,2.5029,2.3049,8.3856,Walking
1790089212164,6244,2.3342,2.1218,8.6255,Walking
1790089212185,6265,2.1248,1.9226,9.0000,Walking
1790089212206,6286,2.2672,1.9860,9.1866,Walking
1790089212227,6307,2.5472,2.0770,9.3685,Walking
1790089212249,6329,2.8056,2.1314,9.5366,Walking
1790089212271,6351,2.8122,2.1135,9.6203,Walking
1790089212291,6371,2.6429,2.0865,9.0718,Walking
1790089212313,6393,2.7517,2.1811,8.7637,Walking
1790089212335,6415,2.8295,2.3336,8.2756,Walking
1790089212354,6434,2.5107,2.3773,7.6905,Walking
1790089212377,6457,2.1858,2.3246,7.5338,Walking
1790089212397,6477,2.0626,2.3898,7.5930,Walking
1790089212419,6499,2.2002,2.5956,7.7067,Walking
1790089212440,6520,2.3384,2.8152,8.0877,Walking
1790089212462,6542,1.9609,2.6213,9.0610,Walking
1790089212483,6563,1.7115,2.4485,10.1121,Walking
1790089212504,6584,1.5870,2.5017,10.3430,Walking
1790089212524,6604,1.4417,2.3910,11.0178,Walking
1790089212546,6626,1.7498,2.4323,11.5843,Walking
1790089212567,6647,1.7659,2.6273,10.6086,Walking
1790089212588,6668,1.4339,2.5938,9.6718,Walking
1790089212611,6691,1.0445,2.2175,10.0564,Walking
1790089212630,6710,1.0158,1.9322,10.7803,Walking
1790089212652,6732,0.8435,1.5332,11.9420,Walking
1790089212673,6753,0.7669,1.1246,12.4869,Walking
1790089212694,6774,0.5390,0.9272,11.1685,Walking
1790089212714,6794,0.7178,0.9685,9.8213,Walking
1790089212736,6816,0.4816,0.8758,8.7721,Walking
1790089212757,6837,0.9320,1.2072,8.5729,Walking
1790089212778,6858,1.8921,1.6528,9.6778,Walking
1790089212801,6881,1.8311,1.6193,10.5446,Walking
1790089212822,6902,1.7025,1.5380,11.4682,Walking
1790089212842,6922,1.3101,1.2999,11.9390,Walking
1790089212863,6943,0.7831,1.2981,10.4913,Walking
1790089212885,6965,0.6239,1.4949,8.6178,Walking
1790089212906,6986,0.6616,1.6337,7.6092,Walking
1790089212926,7006,0.2489,1.5314,7.0379,Walking
1790089212950,7030,0.5025,1.6546,7.0050,Walking
1790089212969,7049,1.2969,2.1619,7.0241,Walking
1790089212991,7071,1.7192,2.5161,7.0636,Walking
1790089213012,7092,1.3627,2.3192,7.7372,Walking
1790089213034,7114,1.2269,2.1404,8.4497,Walking
1790089213054,7134,1.3507,1.9813,9.1179,Walking
1790089213075,7155,1.5446,2.1170,8.8552,Walking
1790089213097,7177,1.4788,2.0291,8.9025,Walking
1790089213117,7197,1.2526,1.8012,9.5396,Walking
1790089213139,7219,1.0116,1.6690,9.8357,Walking
1790089213161,7241,0.8118,1.8604,8.9001,Walking
1790089213182,7262,0.6520,2.1565,8.0303,Walking
1790089213202,7282,0.4702,2.2313,7.7833,Walking
1790089213224,7304,0.1119,2.1966,8.1129,Walking
1790089213244,7324,0.3129,2.3258,9.1944,Walking
1790089213266,7346,0.8309,2.6883,9.9577,Walking
1790089213287,7367,1.0421,3.0640,10.3645,Walking
1790089213308,7388,1.5039,3.4409,10.8891,Walking
1790089213329,7409,1.8054,3.6766,11.3288,Walking
1790089213351,7431,2.0016,3.7866,11.6118,Walking
1790089213372,7452,2.3486,3.8219,10.9705,Walking
1790089213393,7473,2.7745,3.6927,10.0056,Walking
1790089213414,7494,2.9306,3.2291,10.1874,Walking
1790089213435,7515,2.3432,2.3151,11.9964,Walking
1790089213456,7536,1.4740,1.5781,13.3693,Walking
1790089213477,7557,0.9272,1.1743,12.9290,Walking
1790089213499,7579,0.9607,1.2957,10.2891,Walking
1790089213521,7601,1.4088,1.4118,8.3234,Walking
1790089213541,7621,1.6301,1.3914,7.1097,Walking
1790089213564,7644,2.5208,1.6164,7.3729,Walking
1790089213583,7663,4.0313,1.9591,8.9510,Walking
1790089213606,7686,4.3807,2.1165,9.2303,Walking
1790089213626,7706,4.1300,1.9095,9.7083,Walking
1790089213646,7726,3.4445,1.5332,10.2586,Walking
1790089213669,7749,2.4550,1.2574,9.3781,Walking
1790089213690,7770,1.8269,1.4357,7.6187,Walking
1790089213711,7791,1.6540,1.8491,6.2465,Walking
1790089213732,7812,1.7934,2.2744,5.6076,Walking
1790089213753,7833,1.7545,2.4933,5.2917,Walking
1790089213774,7854,1.6337,2.4837,5.6722,Walking
1790089213795,7875,1.4040,2.3384,6.0796,Walking
1790089213817,7897,1.5206,2.4156,6.2883,Walking
1790089213837,7917,1.2814,2.3228,6.7765,Walking
1790089213860,7940,1.0307,2.2397,7.7850,Walking
1790089213882,7962,1.0606,2.2989,8.7512,Walking
1790089213902,7982,0.7573,2.3868,9.5043,Walking
1790089213922,8002,0.8213,2.6273,10.1408,Walking
1790089213944,8024,0.7645,2.9498,9.6431,Walking
1790089213964,8044,0.8692,3.2459,9.4457,Walking
1790089213987,8067,0.8883,3.2985,9.8746,Walking
1790089214007,8087,1.1982,3.3434,10.4698,Walking
1790089214028,8108,1.3783,3.4409,10.2975,Walking
1790089214049,8129,1.1408,3.3087,9.9601,Walking
1790089214071,8151,1.0355,3.1047,10.0032,Walking
1790089214094,8174,0.7196,2.8092,10.1324,Walking
1790089214115,8195,0.6281,2.6961,10.0678,Walking
1790089214134,8214,0.2728,2.4377,9.5186,Walking
1790089214154,8234,0.0239,2.1266,9.5773,Walking
1790089214177,8257,0.3601,1.9573,10.9412,Walking
1790089214197,8277,0.2746,1.3101,14.6548,Walking
1790089214219,8299,0.1484,0.7388,16.7354,Walking
1790089214241,8321,0.8100,1.1629,13.9992,Walking
1790089214263,8343,1.3765,1.7390,10.3932,Walking
1790089214282,8362,1.6666,1.7450,9.1466,Walking
1790089214304,8384,1.4704,1.2682,9.6209,Walking
1790089214324,8404,1.4034,0.9176,10.6211,Walking
1790089214347,8427,1.2616,0.6688,11.1757,Walking
1790089214368,8448,1.4465,0.6616,10.8957,Walking
1790089214388,8468,1.5649,0.8746,9.8261,Walking
1790089214411,8491,1.6044,1.1103,8.1864,Walking
1790089214431,8511,1.4004,1.2502,6.7687,Walking
1790089214453,8533,0.9009,1.2108,5.7416,Walking
1790089214473,8553,0.3906,1.0654,5.6166,Walking
1790089214495,8575,0.7801,1.2891,6.3428,Walking
1790089214515,8595,1.0134,1.5428,6.8453,Walking
1790089214538,8618,0.9607,1.7420,6.5324,Walking
1790089214557,8637,1.0672,1.8299,7.0780,Walking
1790089214580,8660,1.0469,1.8269,7.7420,Walking
1790089214601,8681,1.2502,1.8891,8.5741,Walking
1790089214622,8702,1.6684,2.1739,9.0221,Walking
1790089214644,8724,1.8969,2.4455,8.9360,Walking
1790089214664,8744,1.6684,2.3468,9.0820,Walking
1790089214685,8765,1.3795,2.3844,8.6255,Walking
1790089214706,8786,1.0959,2.4467,8.1960,Walking
1790089214727,8807,1.0875,2.6112,8.4323,Walking
1790089214749,8829,1.2407,2.7452,9.2680,Walking
1790089214770,8850,1.5284,2.8857,10.4291,Walking
1790089214791,8871,1.5715,3.0688,10.8909,Walking
1790089214812,8892,1.7982,3.3242,11.1948,Walking
1790089214834,8914,2.4054,3.6479,10.9484,Walking
1790089214854,8934,2.9019,3.8650,10.7689,Walking
1790089214877,8957,3.0275,3.5509,10.2688,Walking
1790089214897,8977,3.4014,3.2363,9.6658,Walking
1790089214918,8998,4.1761,2.6800,10.8383,Walking
1790089214940,9020,3.4792,1.5398,13.3436,Walking
1790089214961,9041,2.0518,0.3673,15.7466,Walking
1790089214981,9061,1.2221,0.0622,14.6536,Walking
1790089215004,9084,1.0355,0.5007,10.5111,Walking
1790089215024,9104,1.1468,0.9344,7.3795,Walking
1790089215045,9125,1.9334,1.3609,5.7464,Walking
1790089215067,9147,2.7194,1.7019,5.5274,Walking
1790089215087,9167,3.6371,2.0231,6.8327,Walking
1790089215110,9190,4.2066,1.9059,8.5376,Walking
1790089215130,9210,4.3298,1.8365,9.0987,Walking
1790089215151,9231,3.4325,1.3591,9.4600,Walking
1790089215172,9252,1.9735,0.8136,9.6036,Walking
1790089215194,9274,1.3478,1.0175,8.7159,Walking
1790089215214,9294,1.2012,1.5123,7.7210,Walking
1790089215235,9315,0.9715,1.9860,6.7848,Walking
1790089215257,9337,0.8088,2.3258,6.4415,Walking
1790089215278,9358,0.9811,2.7488,6.3888,Walking
1790089215300,9380,0.8249,2.9683,6.4187,Walking
1790089215321,9401,0.6114,2.9605,6.7801,Walking
1790089215342,9422,0.1783,2.7691,7.4704,Walking
1790089215363,9443,0.3697,2.8510,8.1751,Walking
1790089215385,9465,0.3894,2.9204,8.9695,Walking
1790089215405,9485,0.0467,2.9462,9.6227,Walking
1790089215428,9508,-0.3769,3.0185,9.6610,Walking
1790089215447,9527,-0.5611,3.0963,9.8955,Walking
1790089215469,9549,-0.6491,3.0885,10.3801,Walking
1790089215494,9574,-0.2901,3.2560,10.7755,Walking
1790089215511,9591,-0.1448,3.2961,11.0178,Walking
1790089215532,9612,0.0287,3.2746,11.0405,Walking
1790089215554,9634,0.1089,3.2847,11.0166,Walking
1790089215575,9655,-0.1663,3.0042,10.7504,Walking
1790089215596,9676,-0.2871,2.8319,10.3035,Walking
1790089215618,9698,0.1496,2.7290,10.8903,Walking
1790089215637,9717,0.5563,2.4981,12.4798,Walking
1790089215660,9740,0.5970,1.7025,15.4373,Walking
1790089215682,9762,0.9254,0.7836,16.6217,Walking
1790089215702,9782,1.3436,0.8435,13.1569,Walking
1790089215723,9803,1.4405,0.9781,9.2764,Walking
1790089215744,9824,1.7498,1.1055,7.6857,Walking
1790089215765,9845,2.3085,1.1390,8.7272,Walking
1790089215787,9867,2.6399,1.2000,10.2808,Walking
1790089215807,9887,2.5687,1.1228,10.9801,Walking
1790089215828,9908,2.3892,0.9248,11.0357,Walking
1790089215851,9931,2.0273,0.8201,9.7448,Walking
1790089215871,9951,1.4512,0.8393,7.8640,Walking
1790089215893,9973,0.8913,0.9105,6.4092,Walking
1790089215914,9994,0.5342,1.1019,5.5783,Walking
1790089215935,10015,0.6855,1.3466,5.7733,Walking
1790089215956,10036,1.0421,1.6863,6.0921,Walking
1790089215978,10058,1.2455,1.9430,6.5192,Walking
1790089215998,10078,1.0899,2.0423,6.7065,Walking
1790089216021,10101,0.9829,2.1153,6.9326,Walking
1790089216042,10122,1.2203,2.2223,7.3089,Walking
1790089216062,10142,1.3161,2.2128,7.7300,Walking
1790089216083,10163,1.3065,2.1458,8.5196,Walking
1790089216107,10187,1.3047,2.2367,9.3099,Walking
1790089216125,10205,1.2664,2.4676,8.9922,Walking
1790089216147,10227,1.1803,2.7296,8.3450,Walking
1790089216170,10250,1.2586,3.0197,8.3282,Walking
1790089216189,10269,1.2144,3.2333,8.6369,Walking
1790089216210,10290,1.1498,3.3942,8.9934,Walking
1790089216231,10311,1.4931,3.7155,9.6682,Walking
1790089216253,10333,1.8556,3.9637,10.5649,Walking
1790089216274,10354,2.1811,4.2353,10.6253,Walking
1790089216295,10375,2.0052,4.1043,10.3621,Walking
1790089216315,10395,1.6672,3.7268,10.5248,Walking
1790089216338,10418,1.7354,3.3565,10.3214,Walking
1790089216358,10438,1.9842,3.1621,10.3071,Walking
1790089216381,10461,2.8636,3.1460,11.2786,Walking
1790089216404,10484,2.5591,2.6118,12.8674,Walking
1790089216422,10502,1.2999,1.7593,13.7922,Walking
1790089216444,10524,0.3577,1.4895,11.8684,Walking
1790089216465,10545,0.5707,1.7725,9.2345,Walking
1790089216490,10570,1.1821,2.1141,7.4309,Walking
1790089216507,10587,1.5458,2.3198,6.3039,Walking
1790089216527,10607,2.5059,2.6812,6.3972,Walking
1790089216550,10630,3.7932,2.7021,7.7653,Walking
1790089216570,10650,4.6403,2.4820,9.6156,Walking
1790089216592,10672,4.4925,2.0177,11.2337,Walking
1790089216613,10693,3.1430,1.2790,11.8265,Walking
1790089216636,10716,2.1170,1.1755,10.8664,Walking
1790089216655,10735,2.0291,1.7402,8.7446,Walking
1790089216677,10757,2.0100,2.3294,7.1228,Walking
1790089216698,10778,1.9795,2.7422,6.1651,Walking
1790089216719,10799,2.0979,3.1047,6.0012,Walking
1790089216741,10821,1.9896,3.1519,6.3637,Walking
1790089216762,10842,1.8700,2.9683,7.0540,Walking
1790089216782,10862,1.6768,2.8941,6.9123,Walking
1790089216804,10884,1.4578,2.8217,7.0505,Walking
1790089216825,10905,1.2873,2.7793,7.6379,Walking
1790089216845,10925,0.7292,2.5651,8.7846,Walking
1790089216867,10947,0.5264,2.5161,9.5282,Walking
1790089216889,10969,0.3111,2.6596,9.1442,Walking
1790089216911,10991,0.5246,2.8732,9.4385,Walking
1790089216931,11011,0.9159,2.9737,10.6397,Walking
1790089216952,11032,1.1916,2.8702,11.9390,Walking
1790089216973,11053,0.9153,2.7374,11.5639,Walking
1790089216996,11076,0.6473,2.9300,9.9093,Walking
1790089217015,11095,0.7591,2.9803,9.6227,Walking
1790089217036,11116,0.7884,2.7123,11.2014,Walking
1790089217057,11137,0.8166,2.1858,13.8389,Walking
1790089217079,11159,0.5198,1.4644,14.9360,Walking
1790089217102,11182,0.4241,1.2694,12.8746,Walking
1790089217123,11203,0.6203,1.3926,10.0068,Walking
1790089217142,11222,0.6479,1.4680,8.1051,Walking
1790089217163,11243,0.9392,1.5900,7.6415,Walking
1790089217185,11265,1.2203,1.7677,7.8407,Walking
1790089217206,11286,1.4800,1.8012,8.7482,Walking
1790089217228,11308,1.6834,1.8269,9.6323,Walking
1790089217248,11328,1.9573,1.8485,10.5506,Walking
1790089217273,11353,1.7438,1.7719,10.3693,Walking
1790089217291,11371,1.6193,1.8694,9.4624,Walking
1790089217312,11392,1.5374,2.0542,8.3761,Walking
1790089217334,11414,0.9296,2.0088,7.2084,Walking
1790089217355,11435,1.0349,2.1565,7.2658,Walking
1790089217375,11455,1.3274,2.4024,7.4189,Walking
1790089217396,11476,1.0510,2.4347,7.1916,Walking
1790089217418,11498,0.8632,2.4808,7.4112,Walking
1790089217438,11518,1.0642,2.5478,8.3498,Walking
1790089217461,11541,0.9697,2.5926,8.6207,Walking
1790089217481,11561,1.3723,2.8199,8.7769,Walking
1790089217502,11582,1.4919,2.9252,8.9432,Walking
1790089217524,11604,1.5410,2.9384,9.1932,Walking
1790089217545,11625,1.5996,3.1077,9.2776,Walking
1790089217565,11645,1.3657,3.1872,8.6369,Walking
1790089217588,11668,1.3819,3.4038,8.2917,Walking
1790089217608,11688,1.7545,3.7107,8.6124,Walking
1790089217630,11710,1.7527,4.0457,8.5394,Walking
1790089217652,11732,1.2700,4.0373,8.1177,Walking
1790089217672,11752,1.7629,4.2323,8.8086,Walking
1790089217697,11777,2.3527,4.4219,9.7089,Walking
1790089217714,11794,3.1364,4.8491,10.2987,Walking
1790089217736,11816,3.0449,4.7713,9.6909,Walking
1790089217756,11836,2.5334,4.4830,8.9252,Walking
1790089217779,11859,3.2016,4.4046,9.8477,Walking
1790089217798,11878,3.4181,4.2269,11.3055,Walking
1790089217821,11901,3.4780,4.0164,12.3565,Walking
1790089217843,11923,2.6064,3.5605,11.0871,Walking
1790089217862,11942,1.3047,3.0676,8.9079,Walking
1790089217883,11963,1.7599,2.9946,7.2281,Walking
1790089217905,11985,1.7336,2.6590,7.1994,Walking
1790089217930,12010,2.5047,2.7805,7.8640,Walking
1790089217948,12028,2.9509,2.8283,8.1769,Walking
1790089217968,12048,3.2770,2.8696,8.9480,Walking
1790089217990,12070,3.7507,3.0628,9.6461,Walking
1790089218011,12091,2.9157,2.8128,9.4002,Walking
1790089218032,12112,2.2253,2.7978,8.1529,Walking
1790089218054,12134,2.1278,2.9928,6.9858,Walking
1790089218075,12155,2.1858,3.2124,6.4463,Walking
1790089218096,12176,2.0070,3.2889,6.3637,Walking
1790089218116,12196,1.7216,3.1537,6.9571,Walking
1790089218138,12218,1.9220,3.2237,7.2514,Walking
1790089218158,12238,2.0973,3.5827,6.5886,Walking
1790089218181,12261,2.1679,3.6814,7.0331,Walking
1790089218202,12282,2.1212,3.5719,8.2122,Walking
1790089218223,12303,1.7503,3.4343,8.6189,Walking
1790089218244,12324,1.8598,3.6371,8.5077,Walking
1790089218265,12345,2.0016,4.0199,8.0626,Walking
1790089218286,12366,2.2110,4.2670,8.2056,Walking
1790089218308,12388,1.8616,4.1749,8.4532,Walking
1790089218328,12408,1.9035,4.3262,8.5346,Walking
1790089218349,12429,2.2959,4.6122,8.8140,Walking
1790089218372,12452,2.4203,4.5159,9.7310,Walking
1790089218393,12473,2.2798,4.2796,10.1216,Walking
1790089218413,12493,2.0877,4.1079,9.5539,Walking
1790089218435,12515,1.8760,3.8058,9.1179,Walking
1790089218455,12535,1.5015,3.6144,8.4610,Walking
1790089218476,12556,1.7420,3.6544,9.0413,Walking
1790089218498,12578,1.4949,3.4313,9.9685,Walking
1790089218519,12599,1.3813,3.3290,10.6564,Walking
1790089218542,12622,1.2622,2.8367,11.9372,Walking
1790089218563,12643,1.4680,2.4395,12.7382,Walking
1790089218583,12663,1.5900,2.4150,11.4042,Walking
1790089218604,12684,1.0708,2.5143,8.9551,Walking
1790089218626,12706,0.5521,2.5137,7.6140,Walking
1790089218647,12727,0.6508,2.7039,7.3860,Walking
1790089218668,12748,0.9200,2.7505,8.5741,Walking
1790089218689,12769,1.2951,2.7978,9.8836,Walking
1790089218711,12791,1.4704,2.9300,10.2957,Walking
1790089218731,12811,1.2173,2.8762,10.1486,Walking
1790089218752,12832,1.1330,2.8247,9.5713,Walking
1790089218773,12853,1.1246,2.8923,8.6584,Walking
1790089218795,12875,0.4798,2.6447,8.0381,Walking
1790089218816,12896,0.0156,2.3719,8.3043,Walking
1790089218837,12917,0.0497,2.5017,8.0219,Walking
1790089218858,12938,0.3129,2.8343,7.6558,Walking
1790089218879,12959,0.6048,3.0114,8.2582,Walking
1790089218903,12983,0.2698,2.8379,8.9396,Walking
1790089218921,13001,0.2536,2.7583,9.7914,Walking
1790089218944,13024,0.7238,3.0425,9.7663,Walking
1790089218965,13045,1.1264,3.3511,9.3254,Walking
1790089218985,13065,1.2861,3.5402,9.0861,Walking
1790089219006,13086,1.3256,3.5414,9.3529,Walking
1790089219028,13108,1.6146,3.6580,9.6371,Walking
1790089219049,13129,1.5852,3.7819,9.2207,Walking
1790089219070,13150,1.2108,3.8177,8.5615,Walking
1790089219091,13171,1.2281,4.0164,8.3031,Walking
1790089219113,13193,1.4596,4.1169,8.6632,Walking
1790089219134,13214,1.8425,4.2724,9.0431,Walking
1790089219155,13235,2.2457,4.4297,9.0514,Walking
1790089219176,13256,2.8839,4.6068,8.7607,Walking
1790089219196,13276,3.0736,4.5990,8.9270,Walking
1790089219218,13298,3.3057,4.3663,10.5033,Walking
1790089219238,13318,2.5681,3.9320,10.5398,Walking
1790089219262,13342,1.8102,3.5862,9.7436,Walking
1790089219281,13361,1.3831,3.3990,8.8199,Walking
1790089219303,13383,1.5517,3.2369,8.5585,Walking
1790089219324,13404,1.6684,3.1741,7.6313,Walking
1790089219345,13425,1.9304,3.1615,6.9188,Walking
1790089219367,13447,2.1153,2.9396,7.4309,Walking
1790089219388,13468,2.5448,2.8074,8.3910,Walking
1790089219410,13490,3.6072,3.1214,9.0700,Walking
1790089219430,13510,3.9099,3.0658,10.4201,Walking
1790089219453,13533,3.0628,2.4921,10.8185,Walking
1790089219473,13553,2.0399,2.1709,9.5791,Walking
1790089219494,13574,1.4991,2.1392,8.3797,Walking
1790089219514,13594,1.7791,2.4963,7.5727,Walking
1790089219536,13616,2.2714,3.0706,6.6347,Walking
1790089219556,13636,2.0501,3.2524,6.2148,Walking
1790089219579,13659,1.8126,3.2148,6.5833,Walking
1790089219599,13679,1.7372,3.2626,6.6981,Walking
1790089219623,13703,1.6828,3.1854,7.5500,Walking
1790089219641,13721,1.9400,3.2590,8.3396,Walking
1790089219663,13743,2.1069,3.3799,8.6704,Walking
1790089219685,13765,2.2026,3.3565,9.7256,Walking
1790089219705,13785,1.7958,2.9910,10.4297,Walking
1790089219727,13807,1.6020,2.7930,10.1581,Walking
1790089219748,13828,2.2744,3.2064,9.0096,Walking
1790089219771,13851,2.6722,3.4828,8.6967,Walking
1790089219790,13870,2.4425,3.2830,8.6955,Walking
1790089219812,13892,2.3581,3.2225,8.5250,Walking
1790089219833,13913,2.1595,3.0915,8.3587,Walking
1790089219855,13935,2.1936,3.1872,8.3204,Walking
1790089219875,13955,2.2702,3.3679,8.1338,Walking
1790089219896,13976,2.4724,3.6628,8.1320,Walking
1790089219918,13998,1.7791,3.4732,8.1368,Walking
1790089219938,14018,1.4249,3.4828,8.3922,Walking
1790089219960,14040,1.4662,3.5432,8.5932,Walking
1790089219982,14062,1.4166,3.6114,8.9809,Walking
1790089220003,14083,1.5170,3.6640,9.2249,Walking
1790089220023,14103,1.6636,3.7645,8.9982,Walking
1790089220044,14124,1.7623,3.7615,9.5988,Walking
1790089220066,14146,1.8299,3.7244,10.0199,Walking
1790089220087,14167,1.7886,3.7914,9.3129,Walking
1790089220108,14188,1.8455,3.8560,8.9061,Walking
1790089220131,14211,1.6881,3.5192,10.2544,Walking
1790089220151,14231,1.3448,2.7266,12.3888,Walking
1790089220171,14251,0.8201,1.9956,13.3603,Walking
1790089220193,14273,0.6066,1.7354,12.2399,Walking
1790089220214,14294,0.8584,2.1266,9.3212,Walking
1790089220236,14316,0.7645,2.3127,7.3089,Walking
1790089220257,14337,0.7914,2.3773,7.0140,Walking
1790089220279,14359,0.7382,2.1787,8.3539,Walking
1790089220298,14378,1.0786,2.1811,9.9751,Walking
1790089220319,14399,1.4375,2.3067,11.2798,Walking
1790089220343,14423,1.3669,2.2606,11.9079,Walking
1790089220361,14441,1.0128,2.2175,10.6798,Walking
1790089220384,14464,0.7065,2.3641,8.4191,Walking
1790089220404,14484,0.4469,2.3486,7.1623,Walking
1790089220426,14506,0.3494,2.3228,6.6197,Walking
1790089220446,14526,0.4020,2.2588,6.9715,Walking
1790089220469,14549,0.2794,2.1787,7.2455,Walking
1790089220489,14569,0.2453,2.2331,7.6810,Walking
1790089220512,14592,0.5533,2.4676,8.2487,Walking
1790089220532,14612,0.8387,2.7422,8.4467,Walking
1790089220553,14633,1.0451,2.9384,8.7446,Walking
1790089220574,14654,1.0881,2.8953,9.5013,Walking
1790089220596,14676,0.9906,2.7984,10.0343,Walking
1790089220616,14696,1.1234,2.8750,10.1234,Walking
1790089220637,14717,1.1533,3.0197,9.3942,Walking
1790089220658,14738,1.3083,3.2411,8.7051,Walking
1790089220682,14762,1.3926,3.3344,8.8427,Walking
1790089220702,14782,0.8835,3.2339,8.8953,Walking
1790089220722,14802,1.1073,3.2650,10.0546,Walking
1790089220744,14824,1.7198,3.4265,10.8574,Walking
1790089220763,14843,2.3737,3.7837,10.7342,Walking
1790089220786,14866,2.3749,3.8477,9.5557,Walking
1790089220807,14887,2.5280,3.8207,9.3529,Walking
1790089220827,14907,2.9480,3.6485,10.6881,Walking
1790089220849,14929,2.6931,3.0832,12.6168,Walking
1790089220870,14950,1.9609,2.3515,13.5039,Walking
1790089220893,14973,1.1043,1.9190,11.4102,Walking
1790089220915,14995,1.0780,1.9274,8.9743,Walking
1790089220935,15015,1.3639,1.9161,7.6522,Walking
1790089220955,15035,1.6546,1.8598,7.0558,Walking
1790089220977,15057,2.7517,2.1631,7.5069,Walking
1790089220999,15079,4.0546,2.6177,8.0016,Walking
1790089221019,15099,4.6840,2.6465,8.9384,Walking
1790089221041,15121,4.1282,1.9974,10.6403,Walking
1790089221062,15142,2.9653,1.2921,10.9866,Walking
1790089221082,15162,1.7994,1.1665,9.0305,Walking
1790089221103,15183,0.5665,1.0941,7.1629,Walking
1790089221124,15204,0.3906,1.4596,6.3858,Walking
1790089221146,15226,0.9009,2.1888,5.8995,Walking
1790089221168,15248,1.1617,2.7057,5.7296,Walking
1790089221188,15268,1.0881,2.8702,5.9210,Walking
1790089221210,15290,1.1294,2.9701,6.3906,Walking
1790089221231,15311,1.0881,2.8301,7.6552,Walking
1790089221252,15332,1.1647,2.8379,8.6871,Walking
1790089221273,15353,0.7884,2.6961,9.2088,Walking
1790089221295,15375,0.6162,2.6100,9.9368,Walking
1790089221314,15394,0.8405,2.8056,10.2718,Walking
1790089221336,15416,0.8249,2.8582,10.6451,Walking
1790089221357,15437,0.7741,3.0503,10.1886,Walking
1790089221379,15459,1.0738,3.3308,10.0164,Walking
1790089221402,15482,1.1186,3.4349,9.8106,Walking
1790089221422,15502,1.0636,3.2782,10.2108,Walking
1790089221443,15523,1.0158,3.1837,9.9649,Walking
1790089221464,15544,0.8979,3.0927,9.6347,Walking
1790089221484,15564,0.7639,3.0485,9.1514,Walking
1790089221506,15586,0.8363,3.0820,9.4086,Walking
1790089221528,15608,0.4510,2.7171,10.3657,Walking
1790089221548,15628,0.7131,2.6453,11.5813,Walking
1790089221569,15649,0.8148,2.2648,13.4351,Walking
1790089221591,15671,0.3655,1.5266,14.6088,Walking
1790089221612,15692,0.5821,1.3914,12.9990,Walking
1790089221635,15715,0.8626,1.6845,9.6957,Walking
1790089221655,15735,0.7071,1.8006,7.1438,Walking
1790089221675,15755,0.7053,2.0501,5.8421,Walking
1790089221697,15777,0.7741,2.1200,6.4176,Walking
1790089221718,15798,1.0732,2.1900,7.8514,Walking
1790089221739,15819,1.3639,2.3258,9.3081,Walking
1790089221761,15841,1.3986,2.1188,11.5783,Walking
1790089221782,15862,0.9840,1.6002,12.9655,Walking
1790089221802,15882,0.5713,1.4614,11.5896,Walking
1790089221824,15904,0.2124,1.6618,8.9240,Walking
1790089221845,15925,0.2201,1.8724,7.4883,Walking
1790089221866,15946,0.1950,1.9986,7.1240,Walking
1790089221887,15967,-0.1561,1.8939,7.0319,Walking
1790089221908,15988,-0.2261,1.9346,7.1145,Walking
1790089221929,16009,-0.1496,2.0530,7.2921,Walking
1790089221953,16033,0.0365,2.1966,7.7097,Walking
1790089221972,16052,-0.0203,2.2457,8.0602,Walking
1790089221993,16073,0.2788,2.4090,8.6985,Walking
1790089222015,16095,0.5264,2.5729,9.1627,Walking
1790089222036,16116,0.8453,2.7840,9.4241,Walking
1790089222057,16137,0.8231,2.9001,9.1657,Walking
1790089222077,16157,0.8339,3.0712,8.6542,Walking
1790089222099,16179,0.9936,3.2590,8.4580,Walking
1790089222121,16201,0.5121,3.1711,8.3426,Walking
1790089222143,16223,0.1807,3.1502,8.9348,Walking
1790089222163,16243,0.2937,3.3805,9.8614,Walking
1790089222184,16264,0.5103,3.6179,10.5990,Walking
1790089222204,16284,0.5533,4.0187,10.3627,Walking
1790089222226,16306,1.2108,4.5811,10.4261,Walking
1790089222247,16327,1.7390,4.9878,10.0307,Walking
1790089222269,16349,1.9190,4.8221,10.3675,Walking
1790089222290,16370,1.9107,4.3872,11.6447,Walking
1790089222311,16391,1.5948,3.6694,12.8447,Walking
1790089222332,16412,1.1216,2.9492,12.2130,Walking
1790089222354,16434,0.8315,2.7470,9.5521,Walking
1790089222375,16455,0.8124,2.5902,7.1611,Walking
1790089222396,16476,1.1198,2.4562,6.4672,Walking
1790089222418,16498,1.4584,2.2415,7.3364,Walking
1790089222437,16517,2.1212,2.0800,9.1244,Walking
1790089222461,16541,3.0281,2.0973,10.5464,Walking
1790089222481,16561,3.0867,2.0806,9.9236,Walking
1790089222502,16582,2.7003,1.9603,9.1011,Walking
1790089222522,16602,1.7468,1.6522,8.1434,Walking
1790089222544,16624,1.0325,1.5972,7.1246,Walking
1790089222565,16645,1.0259,1.7647,7.1850,Walking
1790089222587,16667,0.5198,1.8365,6.6233,Walking
1790089222608,16688,0.3075,2.1428,6.0969,Walking
1790089222629,16709,0.9494,2.6465,6.5689,Walking
1790089222650,16730,1.0606,2.7051,7.5242,Walking
1790089222671,16751,1.1055,2.6692,8.6429,Walking
1790089222692,16772,0.9254,2.6883,9.2399,Walking
1790089222714,16794,1.0134,2.7864,9.6419,Walking
1790089222736,16816,0.7190,2.7194,9.5510,Walking
1790089222755,16835,0.7071,2.8792,9.4899,Walking
1790089222777,16857,0.7609,2.9192,10.0660,Walking
1790089222798,16878,0.7789,2.9444,10.5171,Walking
1790089222819,16899,1.0421,2.9509,10.8634,Walking
1790089222840,16920,0.9105,2.8319,10.4088,Walking
1790089222861,16941,0.5713,2.5968,10.4602,Walking
1790089222883,16963,0.6652,2.5125,10.4363,Walking
1790089222904,16984,0.6114,2.6004,9.6299,Walking
1790089222935,17015,0.6281,2.4568,9.6730,Walking
1790089222946,17026,1.0134,2.0291,11.3516,Walking
1790089222967,17047,0.6951,1.3795,12.3739,Walking
1790089222987,17067,0.3147,0.9410,12.0520,Walking
1790089223009,17089,-0.1005,0.6281,11.0058,Walking
1790089223030,17110,-0.2261,0.5468,9.7035,Walking
1790089223055,17135,-0.3428,0.5629,8.4879,Walking
1790089223072,17152,-0.1831,0.6718,7.9089,Walking
1790089223093,17173,0.4654,0.8740,8.3922,Walking
1790089223115,17195,0.3829,0.9063,9.2782,Walking
1790089223136,17216,0.6784,1.1886,10.4261,Walking
1790089223160,17240,1.2377,1.6684,11.0961,Walking
1790089223178,17258,1.1258,1.8885,10.7121,Walking
1790089223201,17281,0.5198,1.9322,9.4008,Walking
1790089223221,17301,0.0275,1.8724,8.5932,Walking
1790089223242,17322,-0.0395,1.8508,8.3354,Walking
1790089223263,17343,0.1280,1.9143,8.5807,Walking
1790089223284,17364,0.1801,2.0710,8.6943,Walking
1790089223305,17385,0.2357,2.2361,8.6512,Walking
1790089223326,17406,0.3781,2.3097,8.6536,Walking
1790089223350,17430,0.7980,2.5490,9.0096,Walking
1790089223370,17450,1.1264,2.7051,9.4594,Walking
1790089223390,17470,0.9601,2.6195,9.7053,Walking
1790089223411,17491,0.7639,2.5651,9.5665,Walking
1790089223433,17513,1.0612,2.6722,9.6353,Walking
1790089223454,17534,1.1073,2.7105,9.4774,Walking
1790089223476,17556,1.4070,2.7823,9.7950,Walking
1790089223496,17576,0.9685,2.7547,9.2602,Walking
1790089223517,17597,0.6969,2.7075,9.0389,Walking
1790089223539,17619,0.9320,2.7661,8.8564,Walking
1790089223561,17641,1.4943,2.8409,9.3021,Walking
1790089223582,17662,1.7659,2.8074,9.7980,Walking
1790089223602,17682,1.7629,2.8110,10.1803,Walking
1790089223623,17703,1.5517,2.8271,10.2018,Walking
1790089223644,17724,1.0911,2.8331,9.6156,Walking
1790089223668,17748,1.4082,3.1286,9.1011,Walking
1790089223687,17767,1.9920,3.3099,9.2279,Walking
1790089223708,17788,1.5266,3.0209,9.3625,Walking
1790089223730,17810,1.3831,2.7434,9.7226,Walking
1790089223751,17831,1.6732,2.6674,9.6000,Walking
1790089223771,17851,2.2893,2.8062,8.6411,Walking
1790089223793,17873,2.0638,2.5567,7.8311,Walking
1790089223814,17894,1.8873,2.1141,8.3240,Walking
1790089223835,17915,1.6953,1.6929,9.3045,Walking
1790089223858,17938,2.0674,1.8042,9.6861,Walking
1790089223877,17957,2.0273,2.0495,9.1609,Walking
1790089223900,17980,2.1649,2.1565,9.2997,Walking
1790089223921,18001,1.9687,2.2475,9.3446,Walking
1790089223944,18024,1.7964,2.3821,8.7422,Walking
1790089223962,18042,1.9370,2.6608,8.3480,Walking
1790089223985,18065,2.0034,2.9067,7.8275,Walking
1790089224006,18086,1.4692,2.7410,7.2562,Walking
1790089224026,18106,1.6588,2.7823,7.4770,Walking
1790089224047,18127,1.6971,2.7547,7.8275,Walking
1790089224069,18149,1.6020,2.4341,8.7757,Walking
1790089224089,18169,1.4919,2.1404,9.6718,Walking
1790089224111,18191,1.0098,1.9537,9.0927,Walking
1790089224133,18213,1.5057,2.2361,9.3165,Walking
1790089224154,18234,1.1198,2.3246,9.0957,Walking
1790089224174,18254,0.9272,2.4724,9.3063,Walking
1790089224197,18277,1.2766,2.8008,9.7304,Walking
1790089224217,18297,1.2502,2.9928,9.5874,Walking
1790089224238,18318,1.2185,3.0945,8.9797,Walking
1790089224261,18341,1.1438,3.0132,8.4628,Walking
1790089224282,18362,1.9394,3.1519,9.3434,Walking
1790089224302,18382,2.1374,3.0550,10.1611,Walking
1790089224323,18403,1.8951,2.9850,9.7005,Walking
1790089224345,18425,2.1153,3.1490,9.4277,Walking
1790089224368,18448,2.2098,3.1519,9.4834,Walking
1790089224388,18468,2.6716,3.2572,9.7837,Walking
1790089224407,18487,2.8044,3.1346,10.0517,Walking
1790089224429,18509,2.3163,2.7727,9.8728,Walking
1790089224451,18531,1.9860,2.5424,9.8620,Walking
1790089224470,18550,1.9603,2.3228,9.6754,Walking
1790089224493,18573,2.1601,2.4730,8.6124,Walking
1790089224514,18594,2.0309,2.3462,8.7111,Walking
1790089224535,18615,1.2604,1.6810,9.8441,Walking
1790089224556,18636,0.6604,1.0851,10.7504,Walking
1790089224577,18657,0.4032,0.9009,10.5523,Walking
1790089224598,18678,0.4068,0.9936,10.1420,Walking
1790089224620,18700,0.3589,1.1091,9.5426,Walking
1790089224642,18722,0.1304,1.2156,8.9647,Walking
1790089224661,18741,-0.1376,1.3047,8.6554,Walking
1790089224683,18763,-0.1065,1.5015,8.5220,Walking
1790089224704,18784,0.9954,2.1308,9.1585,Walking
1790089224725,18805,0.9314,2.2540,9.6461,Walking
1790089224746,18826,0.2680,2.1793,8.4479,Walking
1790089224767,18847,0.3553,2.0136,8.5071,Walking
1790089224788,18868,0.7549,1.8090,10.0439,Walking
1790089224809,18889,0.4720,1.6540,10.5589,Walking
1790089224830,18910,-0.0467,1.7450,9.5492,Walking
1790089224852,18932,-0.1705,1.9603,8.8044,Walking
1790089224873,18953,-0.2506,1.9753,8.6728,Walking
1790089224894,18974,0.0401,2.0465,9.1914,Walking
1790089224915,18995,0.1914,1.9496,9.8566,Walking
1790089224937,19017,-0.3494,1.7073,9.8010,Walking
1790089224958,19038,0.0975,2.1356,8.3240,Walking
1790089224980,19060,-0.1149,2.4395,7.7970,Walking
1790089225005,19085,0.0251,2.5813,8.3749,Walking
1790089225021,19101,0.1962,2.6381,9.2154,Walking
1790089225046,19126,0.1866,2.7727,9.5791,Walking
1790089225063,19143,0.1663,2.7338,9.8955,Walking
1790089225087,19167,0.0652,2.7027,9.6096,Walking
1790089225106,19186,-0.0132,2.7182,9.5079,Walking
1790089225129,19209,0.1388,2.7529,9.9464,Walking
1790089225148,19228,0.2506,2.8457,9.8650,Walking
1790089225172,19252,0.1831,2.9635,9.3320,Walking
1790089225191,19271,0.1226,2.9850,9.1753,Walking
1790089225213,19293,0.3045,3.0520,9.2794,Walking
1790089225237,19317,0.2901,3.0263,9.2172,Walking
1790089225256,19336,0.2955,2.9958,9.3081,Walking
1790089225276,19356,0.6443,2.9575,9.4086,Walking
1790089225297,19377,1.1886,2.7613,9.6203,Walking
1790089225318,19398,1.3005,2.2606,9.9464,Walking
1790089225340,19420,1.1593,1.8108,10.0176,Walking
1790089225361,19441,0.7370,1.4249,10.1186,Walking
1790089225381,19461,0.5372,1.4082,9.8094,Walking
1790089225403,19483,0.9446,1.7755,9.7418,Walking
1790089225425,19505,0.9398,1.6481,10.1581,Walking
1790089225445,19525,0.6018,1.1390,10.2784,Walking
1790089225466,19546,0.9936,1.0325,10.4148,Walking
1790089225487,19567,2.0530,1.4070,9.9715,Walking
1790089225509,19589,2.7840,1.7342,9.4630,Walking
1790089225530,19610,2.4628,1.3555,9.8620,Walking
1790089225554,19634,2.0195,0.9200,10.2664,Walking
1790089225572,19652,1.9298,0.7358,10.5715,Walking
1790089225593,19673,1.9872,0.9200,10.0343,Walking
1790089225614,19694,2.1547,1.3878,9.2495,Walking
1790089225636,19716,1.9735,1.6259,8.1912,Walking
1790089225656,19736,2.0195,1.8903,7.8712,Walking
1790089225680,19760,2.0740,2.1248,7.7432,Walking
1790089225700,19780,2.0387,2.0830,8.0524,Walking
1790089225721,19801,1.8485,2.0279,8.2630,Walking
1790089225746,19826,1.8939,2.0070,8.5729,Walking
1790089225762,19842,1.9226,2.0064,8.4275,Walking
1790089225793,19873,1.9238,2.0195,8.3862,Walking
1790089225805,19885,2.3701,2.2666,9.0431,Walking
1790089225827,19907,1.7976,2.2624,8.8086,Walking
1790089225847,19927,1.5727,2.3545,8.5424,Walking
1790089225870,19950,1.5996,2.4754,8.8666,Walking
1790089225890,19970,1.5679,2.5065,9.5629,Walking
1790089225911,19991,1.3753,2.4646,10.0038,Walking
1790089225932,20012,1.6911,2.7565,10.0211,Walking
